20H2;May.11.2021;KB5003173;19041.985;19042.985
20H2;April.28.2021;KB5001391;19041.964;19042.964;Preview
20H2;April.13.2021;KB5001330;19041.928;19042.928
20H2;March.29.2021;KB5000842;19041.906;19042.906;Preview
20H2;March.18.2021;KB5001649;19041.870;19042.870;OoB
20H2;March.15.2021;KB5001567;19041.868;19042.868;OoB
20H2;March.9.2021;KB5000802;19041.867;19042.867
20H2;February.24.2021;KB4601382;19041.844;19042.844;Preview
20H2;February.9.2021;KB4601319;19041.804;19042.804
20H2;February.2.2021;KB4598291;19041.789;19042.789;Preview
20H2;January.12.2021;KB4598242;19041.746;19042.746
20H2;December.8.2020;KB4592438;19041.685;19042.685
20H2;November.30.2020;KB4586853;19041.662;19042.662;Preview
20H2;November.19.2020;KB4594440;19041.631;19042.631;OoB
20H2;November.10.2020;KB4586781;19041.630;19042.630
20H2;October.29.2020;KB4580364;19041.610;19042.610;Preview
2004;May.11.2021;KB5003173;19041.985;19042.985
2004;April.28.2021;KB5001391;19041.964;19042.964;Preview
2004;April.13.2021;KB5001330;19041.928;19042.928
2004;March.29.2021;KB5000842;19041.906;19042.906;Preview
2004;March.18.2021;KB5001649;19041.870;19042.870;OoB
2004;March.15.2021;KB5001567;19041.868;19042.868;OoB
2004;March.9.2021;KB5000802;19041.867;19042.867
2004;February.24.2021;KB4601382;19041.844;19042.844;Preview
2004;February.9.2021;KB4601319;19041.804;19042.804
2004;February.2.2021;KB4598291;19041.789;19042.789;Preview
2004;January.12.2021;KB4598242;19041.746;19042.746
2004;December.8.2020;KB4592438;19041.685;19042.685
2004;November.30.2020;KB4586853;19041.662;19042.662;Preview
2004;November.19.2020;KB4594440;19041.631;19042.631;OoB
2004;November.10.2020;KB4586781;19041.630;19042.630
2004;October.29.2020;KB4580364;19041.610;19042.610;Preview
2004;October.13.2020;KB4579311;19041.572
2004;October.1.2020;KB4577063;19041.546;Preview
2004;September.8.2020;KB4571756;19041.508
2004;September.3.2020;KB4571744;19041.488;Preview
2004;August.11.2020;KB4566782;19041.450
2004;July.31.2020;KB4568831;19041.423
2004;July.14.2020;KB4565503;19041.388
2004;June.18.2020;KB4567523;19041.331
2004;June.9.2020;KB4557957;19041.329
1909;May.11.2021;KB5003169;18363.1556
1909;April.22.2021;KB5001396;18363.1533;Preview
1909;April.13.2021;KB5001337;18363.1500
1909;March.25.2021;KB5000850;18363.1474;Preview
1909;March.18.2021;KB5001648;18363.1443;OoB
1909;March.15.2021;KB5001566;18363.1441;OoB
1909;March.9.2021;KB5000808;18363.1440
1909;February.16.2021;KB4601380;18363.1411;Preview
1909;February.11.2021;KB5001028;18363.1379;OoB
1909;February.9.2021;KB4601315;18363.1377
1909;January.21.2021;KB4598298;18363.1350;Preview
1909;January.12.2021;KB4598229;18363.1316
1909;December.8.2020;KB4592449;18362.1256;18363.1256
1909;November.19.2020;KB4594443;18362.1199;18363.1199;OoB
1909;November.19.2020;KB4586819;18362.1237;18363.1237;Preview
1909;November.10.2020;KB4586786;18362.1198;18363.1198
1909;October.20.2020;KB4580386;18362.1171;18363.1171;Preview
1909;October.13.2020;KB4577671;18362.1139;18363.1139
1909;September.16.2020;KB4577062;18362.1110;18363.1110;Preview
1909;September.8.2020;KB4574727;18362.1082;18363.1082
1909;August.20.2020;KB4566116;18362.1049;18363.1049;Preview
1909;August.11.2020;KB4565351;18362.1016;18363.1016
1909;July.21.2020;KB4559004;18362.997;18363.997
1909;July.14.2020;KB4565483;18362.959;18363.959
1909;June.16.2020;KB4567512;18362.904;18363.904
1909;June.9.2020;KB4560960;18362.900;18363.900
1909;May.12.2020;KB4556799;18362.836;18363.836
1909;April.21.2020;KB4550945;18362.815;18363.815
1909;April.14.2020;KB4549951;18362.778;18363.778
1909;March.30.2020;KB4554364;18362.753;18363.753
1909;March.24.2020;KB4541335;18362.752;18363.752
1909;March.12.2020;KB4551762;18362.720;18363.720
1909;March.10.2020;KB4540673;18362.719;18363.719
1909;February.27.2020;KB4535996;18362.693;18363.693
1909;February.11.2020;KB4532693;18362.657;18363.657
1909;January.28.2020;KB4532695;18362.628;18363.628
1909;January.14.2020;KB4528760;18362.592;18363.592
1909;December.10.2019;KB4530684;18362.535;18363.535
1909;November.12.2019;KB4524570;18362.476;18363.476
1903;December.8.2020;KB4592449;18362.1256;18363.1256
1903;November.19.2020;KB4594443;18362.1199;18363.1199;OoB
1903;November.19.2020;KB4586819;18362.1237;18363.1237;Preview
1903;November.10.2020;KB4586786;18362.1198;18363.1198
1903;October.20.2020;KB4580386;18362.1171;18363.1171;Preview
1903;October.13.2020;KB4577671;18362.1139;18363.1139
1903;September.16.2020;KB4577062;18362.1110;18363.1110;Preview
1903;September.8.2020;KB4574727;18362.1082;18363.1082
1903;August.20.2020;KB4566116;18362.1049;18363.1049;Preview
1903;August.11.2020;KB4565351;18362.1016;18363.1016
1903;July.21.2020;KB4559004;18362.997;18363.997
1903;July.14.2020;KB4565483;18362.959;18363.959
1903;June.16.2020;KB4567512;18362.904;18363.904
1903;June.9.2020;KB4560960;18362.900;18363.900
1903;May.12.2020;KB4556799;18362.836;18363.836
1903;April.21.2020;KB4550945;18362.815;18363.815
1903;April.14.2020;KB4549951;18362.778;18363.778
1903;March.30.2020;KB4554364;18362.753;18363.753
1903;March.24.2020;KB4541335;18362.752;18363.752
1903;March.12.2020;KB4551762;18362.720;18363.720
1903;March.10.2020;KB4540673;18362.719;18363.719
1903;February.27.2020;KB4535996;18362.693;18363.693
1903;February.11.2020;KB4532693;18362.657;18363.657
1903;January.28.2020;KB4532695;18362.628;18363.628
1903;January.14.2020;KB4528760;18362.592;18363.592
1903;December.10.2019;KB4530684;18362.535;18363.535
1903;November.12.2019;KB4524570;18362.476;18363.476
1903;October.24.2019;KB4522355;18362.449
1903;October.8.2019;KB4517389;18362.418
1903;October.3.2019;KB4524147;18362.388
1903;September.26.2019;KB4517211;18362.387
1903;September.23.2019;KB4522016;18362.357
1903;September.10.2019;KB4515384;18362.356
1903;August.30.2019;KB4512941;18362.329
1903;August.13.2019;KB4512508;18362.295
1903;July.26.2019;KB4505903;18362.267
1903;July.9.2019;KB4507453;18362.239
1903;June.27.2019;KB4501375;18362.207
1903;June.11.2019;KB4503293;18362.175
1903;May.29.2019;KB4497935;18362.145
1809;May.11.2021;KB5003171;17763.1935
1809;April.22.2021;KB5001384;17763.1911;Preview
1809;April.13.2021;KB5001342;17763.1879
1809;March.25.2021;KB5000854;17763.1852;Preview
1809;March.18.2021;KB5001638;17763.1823;OoB
1809;March.15.2021;KB5001568;17763.1821;OoB
1809;March.9.2021;KB5000822;17763.1817
1809;February.16.2021;KB4601383;17763.1790;Preview
1809;February.9.2021;KB4601345;17763.1757
1809;January.21.2021;KB4598296;17763.1728;Preview
1809;January.12.2021;KB4598230;17763.1697
1809;December.8.2020;KB4592440;17763.1637
1809;November.19.2020;KB4586839;17763.1613;Preview
1809;November.17.2020;KB4594442;17763.1579;OoB
1809;November.10.2020;KB4586793;17763.1577
1809;October.20.2020;KB4580390;17763.1554;Preview
1809;October.13.2020;KB4577668;17763.1518
1809;September.16.2020;KB4577069;17763.1490;Preview
1809;September.8.2020;KB4570333;17763.1457
1809;August.20.2020;KB4571748;17763.1432;Preview
1809;August.11.2020;KB4565349;17763.1397
1809;July.21.2020;KB4559003;17763.1369
1809;July.14.2020;KB4558998;17763.1339
1809;June.16.2020;KB4567513;17763.1294
1809;June.9.2020;KB4561608;17763.1282
1809;May.12.2020;KB4551853;17763.1217
1809;April.21.2020;KB4550969;17763.1192
1809;April.14.2020;KB4549949;17763.1158
1809;March.30.2020;KB4554354;17763.1132
1809;March.17.2020;KB4541331;17763.1131
1809;March.10.2020;KB4538461;17763.1098
1809;February.25.2020;KB4537818;17763.1075
1809;February.11.2020;KB4532691;17763.1039
1809;January.23.2020;KB4534321;17763.1012
1809;January.14.2020;KB4534273;17763.973
1809;December.10.2019;KB4530715;17763.914
1809;November.12.2019;KB4523205;17763.864
1809;October.15.2019;KB4520062;17763.832
1809;October.8.2019;KB4519338;17763.805
1809;October.3.2019;KB4524148;17763.775
1809;September.24.2019;KB4516077;17763.774
1809;September.23.2019;KB4522015;17763.740
1809;September.10.2019;KB4512578;17763.737
1809;August.17.2019;KB4512534;17763.720
1809;August.13.2019;KB4511553;17763.678
1809;July.22.2019;KB4505658;17763.652
1809;July.9.2019;KB4507469;17763.615
1809;June.26.2019;KB4509479;17763.593
1809;June.18.2019;KB4501371;17763.592
1809;June.11.2019;KB4503327;17763.557
1809;May.21.2019;KB4497934;OS.17763.529
1809;May.19.2019;KB4505056;17763.504
1809;May.14.2019;KB4494441;17763.503
1809;May.3.2019;KB4495667;17763.475
1809;May.1.2019;KB4501835;17763.439
1809;April.9.2019;KB4493509;17763.437
1809;March.26.2019;KB4490481;17763.402
1809;March.12.2019;KB4489899;17763.379
1809;March.1.2019;KB4482887;17763.348
1809;February.12.2019;KB4487044;17763.316
1809;January.22.2019;KB4476976;17763.292
1809;January.8.2019;KB4480116;17763.253
1809;December.19.2018;KB4483235;17763.195
1809;December.11.2018;KB4471332;17763.194
1809;December.5.2018;KB4469342;17763.168
1809;November.13.2018;KB4464455;17763.107
1809;November.13.2018;KB4467708;17763.134
1809;October.9.2018;KB4464330;17763.55
1803;May.11.2021;KB5003174;17134.2208
1803;April.13.2021;KB5001339;17134.2145
1803;March.18.2021;KB5001634;17134.2090;OoB
1803;March.15.2021;KB5001565;17134.2088;OoB
1803;March.9.2021;KB5000809;17134.2087
1803;February.9.2021;KB4601354;17134.2026
1803;January.12.2021;KB4598245;17134.1967
1803;December.8.2020;KB4592446;17134.1902
1803;November.10.2020;KB4586785;17134.1845
1803;October.13.2020;KB4580330;17134.1792
1803;September.8.2020;KB4577032;17134.1726
1803;August.11.2020;KB4571709;17134.1667
1803;July.14.2020;KB4565489;17134.1610
1803;June.16.2020;KB4567514;17134.1553
1803;June.9.2020;KB4561621;17134.1550
1803;May.12.2020;KB4556807;17134.1488
1803;April.21.2020;KB4550944;17134.1456
1803;April.14.2020;KB4550922;17134.1425
1803;March.30.2020;KB4554349;17134.1401
1803;March.17.2020;KB4541333;17134.1399
1803;March.10.2020;KB4540689;17134.1365
1803;February.25.2020;KB4537795;17134.1345
1803;February.11.2020;KB4537762;17134.1304
1803;January.23.2020;KB4534308;17134.1276
1803;January.14.2020;KB4534293;17134.1246
1803;December.10.2019;KB4530717;17134.1184
1803;November.12.2019;KB4525237;17134.1130
1803;October.15.2019;KB4519978;17134.1099
1803;October.8.2019;KB4520008;17134.1069
1803;October.3.2019;KB4524149;17134.1040
1803;September.24.2019;KB4516045;17134.1039
1803;September.23.2019;KB4522014;17134.1009
1803;September.10.2019;KB4516058;17134.1006
1803;August.19.2019;KB4512509;17134.984
1803;August.13.2019;KB4512501;17134.950
1803;July.16.2019;KB4507466;17134.915
1803;July.9.2019;KB4507435;17134.885
1803;June.26.2019;KB4509478;17134.860
1803;June.18.2019;KB4503288;17134.858
1803;June.11.2019;KB4503286;17134.829
1803;May.21.2019;KB4499183;17134.799
1803;May.19.2019;KB4505064;17134.766
1803;May.14.2019;KB4499167;17134.765
1803;April.25.2019;KB4493437;17134.753
1803;April.9.2019;KB4493464;17134.706
1803;March.19.2019;KB4489894;17134.677
1803;March.12.2019;KB4489868;17134.648
1803;February.19.2019;KB4487029;17134.619
1803;February.12.2019;KB4487017;17134.590
1803;January.15.2019;KB4480976;17134.556
1803;January.8.2019;KB4480966;17134.523
1803;December.19.2018;KB4483234;17134.472
1803;December.11.2018;KB4471324;17134.471
1803;November.27.2018;KB4467682;17134.441
1803;November.13.2018;KB4467702;17134.407
1803;October.24.2018;KB4462933;17134.376
1803;October.9.2018;KB4462919;17134.345
1803;September.26.2018;KB4458469;17134.320
1803;September.17.2018;KB4464218;17134.286
1803;September.11.2018;KB4457128;17134.285
1803;August.30.2018;KB4346783;17134.254
1803;August.14.2018;KB4343909;17134.228
1803;July.24.2018;KB4340917;17134.191
1803;July.16.2018;KB4345421;17134.167
1803;July.10.2018;KB4338819;17134.165
1803;June.26.2018;KB4284848;17134.137
1803;June.12.2018;KB4284835;17134.112
1803;June.5.2018;KB4338548;17134.83
1803;May.23.2018;KB4100403;17134.81
1803;May.8.2018;KB4103721;17134.48
1709;October.13.2020;KB4580328;16299.2166
1709;September.8.2020;KB4577041;16299.2107
1709;August.11.2020;KB4571741;16299.2045
1709;July.14.2020;KB4565508;16299.1992
1709;June.18.2020;KB4567515;16299.1937
1709;June.9.2020;KB4561602;16299.1932
1709;May.12.2020;KB4556812;16299.1868
1709;April.14.2020;KB4550927;16299.1806
1709;March.30.2020;KB4554342;16299.1776
1709;March.17.2020;KB4541330;16299.1775
1709;March.10.2020;KB4540681;16299.1747
1709;February.25.2020;KB4537816;16299.1717
1709;February.11.2020;KB4537789;16299.1686
1709;January.23.2020;KB4534318;16299.1654
1709;January.14.2020;KB4534276;16299.1625
1709;December.10.2019;KB4530714;16299.1565
1709;November.12.2019;KB4525241;16299.1508
1709;October.15.2019;KB4520006;16299.1481
1709;October.8.2019;KB4520004;16299.1451
1709;October.3.2019;KB4524150;16299.1421
1709;September.24.2019;KB4516071;16299.1420
1709;September.23.2019;KB4522012;16299.1392
1709;September.10.2019;KB4516066;16299.1387
1709;August.16.2019;KB4512494;16299.1365
1709;August.13.2019;KB4512516;16299.1331
1709;July.16.2019;KB4507465;16299.1296.
1709;July.9.2019;KB4507455;16299.1268
1709;June.26.2019;KB4509477;16299.1239
1709;June.18.2019;KB4503281;16299.1237
1709;June.11.2019;KB4503284;16299.1217
1709;May.28.2019;KB4499147;16299.1182
1709;May.19.2019;KB4505062;16299.1150
1709;May.14.2019;KB4499179;16299.1146
1709;April.25.2019;KB4493440;16299.1127
1709;April.9.2019;KB4493441;16299.1087
1709;March.19.2019;KB4489890;16299.1059
1709;March.12.2019;KB4489886;16299.1029
1709;February.19.2019;KB4487021;16299.1004
1709;February.12.2019;KB4486996;16299.967
1709;January.15.2019;KB4480967;16299.936
1709;January.8.2019;KB4480978;16299.904
1709;December.19.2018;KB4483232;16299.847
1709;December.11.2018;KB4471329;16299.846
1709;November.27.2018;KB4467681;16299.820
1709;November.13.2018;KB4467686;16299.785
1709;October.18.2018;KB4462932;16299.755
1709;October.9.2018;KB4462918;16299.726
1709;September.26.2018;KB4457136;16299.699
1709;September.17.2018;KB4464217;16299.666
1709;September.11.2018;KB4457142;16299.665
1709;August.30.2018;KB4343893;16299.637
1709;August.14.2018;KB4343897;16299.611
1709;July.24.2018;KB4338817;16299.579
1709;July.16.2018;KB4345420;16299.551
1709;July.10.2018;KB4338825;16299.547
1709;June.21.2018;KB4284822;16299.522
1709;June.12.2018;KB4284819;16299.492
1709;May.21.2018;KB4103714;16299.461
1709;May.8.2018;KB4103727;16299.431
1709;April.23.2018;KB4093105;16299.402
1709;April.10.2018;KB4093112;16299.371
1709;March.22.2018;KB4089848;16299.334
1709;March.13.2018;KB4088776;16299.309
1709;March.5.2018;KB4090913;16299.251
1709;February.14.2018;KB4077675;15254.248
1709;February.13.2018;KB4074588;16299.248
1709;January.31.2018;KB4058258;16299.214
1709;January.18.2018;KB4073291;16299.201
1709;January.5.2018;KB4073117;15254.158
1709;January.3.2018;KB4056892;16299.192
1709;December.12.2017;KB4054517;16299.125
1709;November.30.2017;KB4051963;16299.98
1709;November.14.2017;KB4048955;16299.64
1709;November.14.2017;KB4052314;15254.12
1709;October.17.2017;KB4043961;16299.19
1703;March.9.2021;KB5000812;15063.2679
1703;February.9.2021;KB4601330;15063.2642
1703;January.12.2021;KB4599208;15063.2614
1703;December.8.2020;KB4592473;15063.2584
1703;November.10.2020;KB4586782;15063.2554
1703;October.13.2020;KB4580370;15063.2525
1703;September.8.2020;KB4577021;15063.2500
1703;August.11.2020;KB4571689;15063.2467
1703;July.14.2020;KB4565499;15063.2439
1703;June.18.2020;KB4567516;15063.2411
1703;June.9.2020;KB4561605;15063.2409
1703;May.12.2020;KB4556804;15063.2375
1703;April.14.2020;KB4550939;15063.2346
1703;March.10.2020;KB4540705;15063.2313
1703;February.11.2020;KB4537765;15063.2284
1703;January.14.2020;KB4534296;15063.2254
1703;December.10.2019;KB4530711;15063.2224
1703;November.12.2019;KB4525245;15063.2172
1703;October.8.2019;KB4520010;15063.2108
1703;October.3.2019;KB4524151;15063.2079
1703;September.24.2019;KB4516059;15063.2078
1703;September.23.2019;KB4522011;15063.2046
1703;September.10.2019;KB4516068;15063.2045
1703;August.17.2019;KB4512474;15063.2021
1703;August.13.2019;KB4512507;15063.1988
1703;July.16.2019;KB4507467;15063.1955
1703;July.9.2019;KB4507450;15063.1928
1703;June.26.2019;KB4509476;15063.1898
1703;June.18.2019;KB4503289;15063.1897
1703;June.11.2019;KB4503279;15063.1868
1703;May.28.2019;KB4499162;15063.1839
1703;May.19.2019;KB4505055;15063.1808
1703;May.14.2019;KB4499181;15063.1805
1703;May.2.2019;KB4502112;15063.1785
1703;April.25.2019;KB4493436;15063.1784
1703;April.9.2019;KB4493474;15063.1746
1703;March.19.2019;KB4489888;15063.1716
1703;March.12.2019;KB4489871;15063.1689
1703;February.19.2019;KB4487011;15063.1659
1703;February.12.2019;KB4487020;15063.1631
1703;January.15.2019;KB4480959;15063.1596
1703;January.8.2019;KB4480973;15063.1563
1703;December.19.2018;KB4483230;15063.1508
1703;December.11.2018;KB4471327;15063.1506
1703;November.27.2018;KB4467699;15063.1478
1703;November.13.2018;KB4467696;15063.1446
1703;October.18.2018;KB4462939;15063.1418
1703;October.9.2018;KB4462937;15063.1387
1703;September.20.2018;KB4457141;15063.1358
1703;September.11.2018;KB4457138;15063.1324
1703;August.30.2018;KB4343889;15063.1292
1703;August.14.2018;KB4343885;15063.1266
1703;July.24.2018;KB4338827;15063.1235
1703;July.16.2018;KB4345419;15063.1209
1703;July.10.2018;KB4338826;15063.1206
1703;June.21.2018;KB4284830;15063.1182
1703;June.12.2018;KB4284874;15063.1155
1703;May.17.2018;KB4103722;15063.1112
1703;May.8.2018;KB4103731;15063.1088
1703;April.17.2018;KB4093117;15063.1058
1703;April.10.2018;KB4093107;15063.1029
1703;March.22.2018;KB4088891;15063.994
1703;March.13.2018;KB4088782;15063.966;15063.968
1703;March.8.2018;KB4092077;15063.936
1703;February.22.2018;KB4077528;15063.936
1703;February.13.2018;KB4074592;15063.909
1703;January.17.2018;KB4057144;15063.877
1703;January.3.2018;KB4056891;15063.850
1703;December.12.2017;KB4053580;15063.786
1703;November.22.2017;KB4055254;15063.729
1703;November.14.2017;KB4048954;15063.726;15063.728
1703;November.2.2017;KB4049370;15063.675
1703;October.10.2017;KB4041676;15063.674
1703;September.25.2017;KB4040724;15063.632
1703;September.12.2017;KB4038788;15063.608
1703;August.8.2017;KB4034674;15063.540
1703;July.31.2017;KB4032188;15063.502
1703;July.11.2017;KB4025342;15063.483
1703;June.27.2017;KB4022716;15063.447
1703;June.13.2017;KB4022725;15063.413;15063.414
1703;May.25.2017;KB4020102;15063.332
1703;May.9.2017;KB4016871;15063.296;15063.297
1703;April.25.2017;KB4016240;15063.250
1703;April.11.2017;KB4015583;15063.138
1703;April.5.2017;KB4016251;15063.13
1607;May.11.2021;KB5003197;14393.4402
1607;April.13.2021;KB5001347;14393.4350
1607;March.18.2021;KB5001633;14393.4288;OoB
1607;March.9.2021;KB5000803;14393.4283
1607;February.9.2021;KB4601318;14393.4225
1607;January.12.2021;KB4598243;14393.4169
1607;December.8.2020;KB4593226;14393.4104
1607;November.19.2020;KB4594441;14393.4048;OoB
1607;November.10.2020;KB4586830;14393.4046
1607;October.13.2020;KB4580346;14393.3986
1607;September.8.2020;KB4577015;14393.3930
1607;August.11.2020;KB4571694;14393.3866
1607;July.14.2020;KB4565511;14393.3808
1607;June.18.2020;KB4567517;14393.3755
1607;June.9.2020;KB4561616;14393.3750
1607;May.12.2020;KB4556813;14393.3686
1607;April.21.2020;KB4550947;14393.3659
1607;April.14.2020;KB4550929;14393.3630
1607;March.17.2020;KB4541329;14393.3595
1607;March.10.2020;KB4540670;14393.3564
1607;February.25.2020;KB4537806;14393.3542
1607;February.11.2020;KB4537764;14393.3504
1607;January.23.2020;KB4534307;14393.3474
1607;January.14.2020;KB4534271;14393.3443
1607;December.10.2019;KB4530689;14393.3384
1607;November.12.2019;KB4525236;14393.3326
1607;October.15.2019;KB4519979;14393.3300
1607;October.8.2019;KB4519998;14393.3274
1607;October.3.2019;KB4524152;14393.3243
1607;September.24.2019;KB4516061;14393.3242
1607;September.23.2019;KB4522010;14393.3206
1607;September.10.2019;KB4516044;14393.3204
1607;August.17.2019;KB4512495;14393.3181
1607;August.13.2019;KB4512517;14393.3144
1607;July.16.2019;KB4507459;14393.3115
1607;July.9.2019;KB4507460;14393.3085
1607;June.27.2019;KB4509475;14393.3056
1607;June.18.2019;KB4503294;14393.3053
1607;June.11.2019;KB4503267;14393.3025
1607;May.23.2019;KB4499177;14393.2999
1607;May.19.2019;KB4505052;14393.2972
1607;May.14.2019;KB4494440;14393.2969
1607;April.25.2019;KB4493473;14393.2941
1607;April.9.2019;KB4493470;14393.2906
1607;March.19.2019;KB4489889;14393.2879
1607;March.12.2019;KB4489882;14393.2848
1607;February.19.2019;KB4487006;14393.2828
1607;February.12.2019;KB4487026;14393.2791
1607;January.17.2019;KB4480977;14393.2759
1607;January.8.2019;KB4480961;14393.2724
1607;December.19.2018;KB4483229;14393.2670
1607;December.11.2018;KB4471321;14393.2665
1607;December.3.2018;KB4478877;14393.2641
1607;November.27.2018;KB4467684;14393.2639
1607;November.13.2018;KB4467691;14393.2608
1607;October.18.2018;KB4462928;14393.2580
1607;October.9.2018;KB4462917;14393.2551
1607;September.20.2018;KB4457127;14393.2515
1607;September.11.2018;KB4457131;14393.2485
1607;August.30.2018;KB4343884;14393.2457
1607;August.14.2018;KB4343887;14393.2430
1607;July.30.2018.;.KB4346877;14393.2396
1607;July.24.2018;KB4338822;14393.2395
1607;July.16.2018;KB4345418;14393.2368
1607;July.10.2018;KB4338814;14393.2363
1607;June.21.2018;KB4284833;14393.2339
1607;June.12.2018;KB4284880;14393.2312
1607;May.17.2018;KB4103720;14393.2273
1607;May.8.2018;KB4103723;14393.2248
1607;April.17.2018;KB4093120;14393.2214
1607;April.10.2018;KB4093119;14393.2189
1607;March.29.2018;KB4096309;14393.2156
1607;March.22.2018;KB4088889;14393.2155
1607;March.13.2018;KB4088787;14393.2125;14393.2126
1607;February.22.2018;KB4077525;14393.2097
1607;February.13.2018;KB4074590;14393.2068
1607;January.17.2018;KB4057142;14393.2034
1607;January.3.2018;KB4056890;14393.2007
1607;December.12.2017;KB4053579;14393.1944
1607;November.27.2017;KB4051033;14393.1914
1607;November.14.2017;KB4048953;14393.1884
1607;November.2.2017;KB4052231;14393.1797
1607;October.17.2017;KB4041688;14393.1794
1607;October.10.2017;KB4041691;14393.1770
1607;September.28.2017;KB4038801;14393.1737
1607;September.12.2017;KB4038782;14393.1715
1607;August.28.2017;KB4039396;14393.1670
1607;August.16.2017;KB4034661;14393.1613
1607;August.8.2017;KB4034658;14393.1593
1607;August.7.2017;KB4038220;14393.1537
1607;July.18.2017;KB4025334.;14393.1532
1607;July.11.2017;KB4025339;14393.1480
1607;June.27.2017;KB4022723;14393.1378
1607;June.13.2017;KB4022715;14393.1358
1607;May.26.2017;KB4023680;14393.1230
1607;May.9.2017;KB4019472;14393.1198
1607;April.11.2017;KB4015217;14393.1066;14393.1083
1607;March.22.2017;KB4016635;14393.970
1607;March.20.2017;KB4015438;14393.969
1607;March.14.2017;KB4013429;14393.953
1607;January.30.2017;KB4010672;14393.729
1607;January.26.2017;KB.3216755;14393.726
1607;January.10.2017;KB3213986;14393.693
1607;December.13.2016;KB3206632;14393.571
1607;December.9.2016;KB3201845;14393.479
1607;November.9.2016;KB3200970;14393.448
1607;November.8.2016;KB3200970;14393.447
1607;October.27.2016;KB3197954;14393.351
1607;October.11.2016;KB3194798;14393.321
1607;September.29.2016;KB3194496;14393.222
1607;September.20.2016;KB3193494;14393.187;14393.189
1607;September.13.2016;KB3189866;14393.187;14393.189
1607;August.31.2016;KB3176938;14393.105
1607;August.23.2016;KB3176934;14393.82
1607;August.9.2016;KB3176495;14393.51
1607;August.2.2016;KB3176929;14393.10
1511;April.10.2018;KB4093109;10586.1540
1511;March.13.2018;KB4088779;10586.1478
1511;February.13.2018;KB4074591;10586.1417
1511;January.18.2018;KB4075200;10586.1358
1511;January.3.2018;KB4056888;10586.1356
1511;December.12.2017;KB4053578;10586.1295
1511;November.14.2017;KB4048952;10586.1232
1511;November.2.2017;KB4052232;10586.1177
1511;October.10.2017;KB4041689;10586.1176
1511;September.12.2017;KB4038783;10586.1106
1511;August.8.2017;KB4034660;10586.1045
1511;July.11.2017;KB4025344;10586.1007
1511;June.27.2017;KB4032693;10586.965
1511;June.13.2017;KB4022714;10586.962
1511;May.9.2017;KB4019473;10586.916
1511;April.11.2017;KB4015219;10586.873
1511;March.22.2017;KB4016636;10586.842
1511;March.14.2017;KB4013198;10586.839
1511;January.10.2017;KB3210721;10586.753
1511;December.13.2016;KB3205386;10586.713
1511;November.14.2016;KB3198586;10586.682
1511;November.8.2016;KB3198586;10586.679
1511;October.11.2016;KB3192441;10586.633
1511;September.13.2016;KB3185614;10586.589
1511;August.9.2016;KB3176493;10586.545
1511;July.12.2016;KB3172985;10586.494
1511;June.14.2016;KB3163018;10586.420
1511;May.10.2016;KB3156421;10586.318
1511;April.12.2016;KB3147458;10586.218
1511;March.8.2016;KB3140768;10586.164
1511;March.1.2016;KB3140743;10586.122
1511;February.9.2016;KB3135173;10586.104
1503;May.11.2021;KB5003172;10240.18932
1503;April.13.2021;KB5001340;10240.18906
1503;March.18.2021;KB5001631;10240.18875;OoB
1503;March.9.2021;KB5000807;10240.18874
1503;February.9.2021;KB4601331;10240.18842
1503;January.12.2021;KB4598231;10240.18818
1503;December.8.2020;KB4592464;10240.18782
1503;November.10.2020;KB4586787;10240.18756
1503;October.13.2020;KB4580327;10240.18725
1503;September.8.2020;KB4577049;10240.18696
1503;August.11.2020;KB4571692;10240.18666
1503;July.14.2020;KB4565513;10240.18638
1503;June.18.2020;KB4567518;10240.18609
1503;June.9.2020;KB4561649;10240.18608
1503;May.12.2020;KB4556826;10240.18575
1503;April.14.2020;KB4550930;10240.18545
1503;March.10.2020;KB4540693;10240.18519
1503;February.11.2020;KB4537776;10240.18486
1503;January.14.2020;KB4534306;10240.18453
1503;December.10.2019;KB4530681;10240.18427
1503;November.12.2019;KB4525232;10240.18395
1503;October.8.2019;KB4520011;10240.18368
1503;October.3.2019;KB4524153;10240.18335
1503;September.23.2019;KB4522009;10240.18334
1503;September.10.2019;KB4516070;10240.18333
1503;August.17.2019;KB4517276;10240.18308
1503;August.13.2019;KB4512497;10240.18305
1503;July.9.2019;KB4507458;10240.18275
1503;June.11.2019;KB4503291;10240.18244
1503;May.19.2019;KB4505051;10240.18218
1503;May.14.2019;KB4499154;10240.18215
1503;April.25.2019;KB4498375;10240.18187
1503;April.9.2019;KB4493475;10240.18186
1503;March.12.2019;KB4489872;10240.18158
1503;February.21.2019;KB4491101;10240.18135
1503;February.12.2019;KB4487018;10240.18132
1503;January.8.2019;KB4480962;10240.18094
1503;December.19.2018;KB4483228;10240.18064
1503;December.11.2018;KB4471323;10240.18063
1503;November.13.2018;KB4467680;10240.18036
1503;October.9.2018;KB4462922;10240.18005
1503;September.11.2018;KB4457132;10240.17976
1503;August.14.2018;KB4343892;10240.17946
1503;July.16.2018;KB4345455;10240.17918
1503;July.10.2018;KB4338829;10240.17914
1503;June.12.2018;KB4284860;10240.17889
1503;May.8.2018;KB4103716;10240.17861
1503;April.10.2018;KB4093111;10240.17831
1503;March.13.2018;KB4088786;10240.17797
1503;February.13.2018;KB4074596;10240.17770
1503;January.31.2018;KB4077735;10240.17741
1503;January.18.2018;KB4075199;10240.17741
1503;January.3.2018;KB4056893;10240.17738
1503;December.12.2017;KB4053581;10240.17709
1503;November.14.2017;KB4048956;10240.17673
1503;October.10.2017;KB4042895;10240.17643
1503;September.12.2017;KB4038781;10240.17609
1503;August.8.2017;KB4034668;10240.17533
1503;July.11.2017;KB4025338;10240.17488
1503;June.27.2017;KB4032695;10240.17446
1503;June.13.2017;KB4022727;10240.17443
1503;May.9.2017;KB4019474;10240.17394
1503;April.11.2017;KB4015221;10240.17354
1503;March.22.2017;KB4016637;10240.17320
1503;March.14.2017;KB4012606;10240.17319
1503;January.10.2017;KB3210720;10240.17236
1503;December.13.2016;KB3205383;10240.17202
1503;November.8.2016;KB3198585;10240.17190
1503;October.11.2016;KB3192440;10240.17146
1503;September.20.2016;KB3193821;10240.17113
1503;September.13.2016;KB3185611;10240.17113
1503;August.9.2016;KB3176492;10240.17071
1503;July.12.2016;KB3163912;10240.17024
1503;June.14.2016;KB3163017;10240.16942
1503;May.10.2016;KB3156387;10240.16854
1503;April.12.2016;KB3147461;10240.16769
1503;March.8.2016;KB3140745;10240.16725
1503;February.9.2016;KB3135174;10240.16683
